{
  "n_subjects_total": 20,
  "n_per_group": {
    "AgencyEMS": 10,
    "Voluntary": 10
  },
  "n_trials_total": 1278,
  "hddm_version": "1.0.1RC",
  "mcmc": {
    "samples": 1500,
    "burn": 300,
    "thin": 1
  },
  "group_deltas": {
    "AgencyEMS": {
      "v": {
        "mean": 0.32633245518350307,
        "sd": 0.20337571729699397,
        "hdi_low": -0.03890302265848145,
        "hdi_high": 0.6706842464833759,
        "p_reduction": 0.041666666666666664,
        "p_increase": 0.9583333333333334
      },
      "a": {
        "mean": -0.014599604265161291,
        "sd": 0.03857308340455252,
        "hdi_low": -0.08689386784124446,
        "hdi_high": 0.050256643141220865,
        "p_reduction": 0.6283333333333333,
        "p_increase": 0.37166666666666665
      },
      "t": {
        "mean": -0.050657665009180314,
        "sd": 0.008734938685474094,
        "hdi_low": -0.06708199714418703,
        "hdi_high": -0.03376334520973136,
        "p_reduction": 1.0,
        "p_increase": 0.0
      }
    },
    "Voluntary": {
      "v": {
        "mean": -0.24376758243181362,
        "sd": 0.17381108655631342,
        "hdi_low": -0.5502345190461135,
        "hdi_high": 0.1540960546331502,
        "p_reduction": 0.9133333333333333,
        "p_increase": 0.08666666666666667
      },
      "a": {
        "mean": -0.019104526635490893,
        "sd": 0.04432414670899267,
        "hdi_low": -0.10757006478954502,
        "hdi_high": 0.07899336064622053,
        "p_reduction": 0.6916666666666667,
        "p_increase": 0.30833333333333335
      },
      "t": {
        "mean": -0.00731036275106826,
        "sd": 0.012655504883868957,
        "hdi_low": -0.0329447050398037,
        "hdi_high": 0.016521470629496535,
        "p_reduction": 0.7225,
        "p_increase": 0.2775
      }
    }
  },
  "group_comparison": {
    "v": {
      "mean_diff": 0.5701000376153167,
      "sd_diff": 0.268938473433608,
      "hdi_low": 0.04188462423372677,
      "hdi_high": 1.0688793586537484,
      "p_a_larger_reduction": 0.018333333333333333,
      "p_a_smaller_reduction": 0.9816666666666667,
      "description": "(AgencyEMS Δv) − (Voluntary Δv)"
    },
    "a": {
      "mean_diff": 0.0045049223703296,
      "sd_diff": 0.059490377370119016,
      "hdi_low": -0.11827184268882145,
      "hdi_high": 0.1200155569355597,
      "p_a_larger_reduction": 0.455,
      "p_a_smaller_reduction": 0.545,
      "description": "(AgencyEMS Δa) − (Voluntary Δa)"
    },
    "t": {
      "mean_diff": -0.04334730225811206,
      "sd_diff": 0.0153739817054855,
      "hdi_low": -0.07357379803647023,
      "hdi_high": -0.01309170275671868,
      "p_a_larger_reduction": 0.9958333333333333,
      "p_a_smaller_reduction": 0.004166666666666667,
      "description": "(AgencyEMS Δt) − (Voluntary Δt)"
    }
  },
  "dic": {
    "AgencyEMS": 403.3138522081408,
    "Voluntary": 419.332162534103
  }
}