{
  "n_subjects_total": 36,
  "n_per_group": {
    "AgencyEMS": 18,
    "Voluntary": 18
  },
  "n_trials_total": 14400,
  "hddm_version": "1.0.1RC",
  "mcmc": {
    "samples": 3000,
    "burn": 500,
    "thin": 1
  },
  "group_deltas": {
    "AgencyEMS": {
      "v": {
        "mean": -0.0639074905928194,
        "sd": 0.0958849507832321,
        "hdi_low": -0.27284570317062895,
        "hdi_high": 0.12497120367045456,
        "p_reduction": 0.7544,
        "p_increase": 0.2456
      },
      "a": {
        "mean": 0.005341434573347996,
        "sd": 0.006635920873108422,
        "hdi_low": -0.008459525314578442,
        "hdi_high": 0.017203748332200192,
        "p_reduction": 0.1988,
        "p_increase": 0.8012
      },
      "t": {
        "mean": -0.009868896511946881,
        "sd": 0.0018215299640850073,
        "hdi_low": -0.013473858519957214,
        "hdi_high": -0.006272375727601396,
        "p_reduction": 1.0,
        "p_increase": 0.0
      }
    },
    "Voluntary": {
      "v": {
        "mean": -0.029399992182717882,
        "sd": 0.11840122241776724,
        "hdi_low": -0.27064888403713383,
        "hdi_high": 0.19716695561162906,
        "p_reduction": 0.5952,
        "p_increase": 0.4048
      },
      "a": {
        "mean": -0.002746497272052732,
        "sd": 0.006027752338429144,
        "hdi_low": -0.015401747036684222,
        "hdi_high": 0.007280087028143768,
        "p_reduction": 0.6392,
        "p_increase": 0.3608
      },
      "t": {
        "mean": -0.0003888367820566115,
        "sd": 0.001753620556094532,
        "hdi_low": -0.0037309174202074637,
        "hdi_high": 0.003076502167985687,
        "p_reduction": 0.5972,
        "p_increase": 0.4028
      }
    }
  },
  "group_comparison": {
    "v": {
      "mean_diff": -0.03450749841010153,
      "sd_diff": 0.14833226144458375,
      "hdi_low": -0.3336266077038265,
      "hdi_high": 0.25808656319428824,
      "p_a_larger_reduction": 0.6016,
      "p_a_smaller_reduction": 0.3984,
      "description": "(AgencyEMS Δv) − (Voluntary Δv)"
    },
    "a": {
      "mean_diff": 0.008087931845400728,
      "sd_diff": 0.00889745520381954,
      "hdi_low": -0.00923678104966653,
      "hdi_high": 0.025401829306124286,
      "p_a_larger_reduction": 0.17,
      "p_a_smaller_reduction": 0.83,
      "description": "(AgencyEMS Δa) − (Voluntary Δa)"
    },
    "t": {
      "mean_diff": -0.009480059729890272,
      "sd_diff": 0.0025450115109270114,
      "hdi_low": -0.014579530285019633,
      "hdi_high": -0.004593872073228721,
      "p_a_larger_reduction": 0.9996,
      "p_a_smaller_reduction": 0.0004,
      "description": "(AgencyEMS Δt) − (Voluntary Δt)"
    }
  },
  "dic": {
    "AgencyEMS": -15561.87701034907,
    "Voluntary": -15662.099241862496
  }
}